{
    "А": "A",
    "Б": "B",
    "В": "V",
    "Г": "G",
    "Д": "D",
    "Ѓ": "Gj",
    "Е": "E",
    "Ж": "Zh",
    "З": "Z",
    "S": "Dz",
    "И": "I",
    "Ј": "J",
    "К": "K",
    "Л": "L",
    "Љ": "Lj",
    "М": "M",
    "Н": "N",
    "Њ": "Nj",
    "О": "O",
    "П": "P",
    "Р": "R",
    "С": "S",
    "Т": "T",
    "Ќ": "Kj",
    "У": "U",
    "Ф": "F",
    "Х": "H",
    "Ц": "C",
    "Ч": "Ch",
    "Џ": "Dj",
    "Ш": "Sh",
    "а": "a",
    "б": "b",
    "в": "v",
    "г": "g",
    "д": "d",
    "ѓ": "gj",
    "е": "e",
    "ж": "zh",
    "з": "z",
    "s": "dz",
    "и": "i",
    "ј": "j",
    "к": "k",
    "л": "l",
    "љ": "lj",
    "м": "m",
    "н": "n",
    "њ": "nj",
    "о": "o",
    "п": "p",
    "р": "r",
    "с": "s",
    "т": "t",
    "ќ": "kj",
    "у": "u",
    "ф": "f",
    "х": "h",
    "ц": "c",
    "ч": "ch",
    "џ": "dj",
    "ш": "sh"
}
