<?xml version="1.0" encoding="UTF-8"?>
<container xmlns="http://symfony.com/schema/dic/services" xmlns:xsi="http://www.w3.org/2001/XMLSchema-instance" xsi:schemaLocation="http://symfony.com/schema/dic/services http://symfony.com/schema/dic/services/services-1.0.xsd">
    <services>
        <service id="sonata.admin.orm.filter.type.boolean" class="Sonata\DoctrineORMAdminBundle\Filter\BooleanFilter">
            <tag name="sonata.admin.filter.type" alias="doctrine_orm_boolean"/>
        </service>
        <service id="sonata.admin.orm.filter.type.callback" class="Sonata\DoctrineORMAdminBundle\Filter\CallbackFilter">
            <tag name="sonata.admin.filter.type" alias="doctrine_orm_callback"/>
        </service>
        <service id="sonata.admin.orm.filter.type.choice" class="Sonata\DoctrineORMAdminBundle\Filter\ChoiceFilter">
            <tag name="sonata.admin.filter.type" alias="doctrine_orm_choice"/>
        </service>
        <service id="sonata.admin.orm.filter.type.model" class="Sonata\DoctrineORMAdminBundle\Filter\ModelFilter">
            <tag name="sonata.admin.filter.type" alias="doctrine_orm_model"/>
        </service>
        <service id="sonata.admin.orm.filter.type.model_autocomplete" class="Sonata\DoctrineORMAdminBundle\Filter\ModelAutocompleteFilter">
            <tag name="sonata.admin.filter.type" alias="doctrine_orm_model_autocomplete"/>
        </service>
        <service id="sonata.admin.orm.filter.type.string" class="Sonata\DoctrineORMAdminBundle\Filter\StringFilter">
            <tag name="sonata.admin.filter.type" alias="doctrine_orm_string"/>
        </service>
        <service id="sonata.admin.orm.filter.type.number" class="Sonata\DoctrineORMAdminBundle\Filter\NumberFilter">
            <tag name="sonata.admin.filter.type" alias="doctrine_orm_number"/>
        </service>
        <service id="sonata.admin.orm.filter.type.date" class="Sonata\DoctrineORMAdminBundle\Filter\DateFilter">
            <tag name="sonata.admin.filter.type" alias="doctrine_orm_date"/>
        </service>
        <service id="sonata.admin.orm.filter.type.date_range" class="Sonata\DoctrineORMAdminBundle\Filter\DateRangeFilter">
            <tag name="sonata.admin.filter.type" alias="doctrine_orm_date_range"/>
        </service>
        <service id="sonata.admin.orm.filter.type.datetime" class="Sonata\DoctrineORMAdminBundle\Filter\DateTimeFilter">
            <tag name="sonata.admin.filter.type" alias="doctrine_orm_datetime"/>
        </service>
        <service id="sonata.admin.orm.filter.type.time" class="Sonata\DoctrineORMAdminBundle\Filter\TimeFilter">
            <tag name="sonata.admin.filter.type" alias="doctrine_orm_time"/>
        </service>
        <service id="sonata.admin.orm.filter.type.datetime_range" class="Sonata\DoctrineORMAdminBundle\Filter\DateTimeRangeFilter">
            <tag name="sonata.admin.filter.type" alias="doctrine_orm_datetime_range"/>
        </service>
        <service id="sonata.admin.orm.filter.type.class" class="Sonata\DoctrineORMAdminBundle\Filter\ClassFilter">
            <tag name="sonata.admin.filter.type" alias="doctrine_orm_class"/>
        </service>
    </services>
</container>
