<?xml version="1.0" encoding="UTF-8"?>
<container xmlns="http://symfony.com/schema/dic/services" xmlns:xsi="http://www.w3.org/2001/XMLSchema-instance" xsi:schemaLocation="http://symfony.com/schema/dic/services http://symfony.com/schema/dic/services/services-1.0.xsd">
    <services>
        <service id="sonata.admin.pool" class="Sonata\AdminBundle\Admin\Pool" public="true">
            <argument type="service" id="service_container"/>
            <argument/>
            <argument/>
            <argument type="collection"/>
            <argument type="service" id="property_accessor"/>
            <call method="setTemplates">
                <argument>%sonata.admin.configuration.templates%</argument>
            </call>
        </service>
        <service id="sonata.admin.route_loader" class="Sonata\AdminBundle\Route\AdminPoolLoader" public="true">
            <argument type="service" id="sonata.admin.pool"/>
            <argument/>
            <argument type="service" id="service_container"/>
            <tag name="routing.loader"/>
        </service>
        <service id="sonata.admin.helper" class="Sonata\AdminBundle\Admin\AdminHelper" public="true">
            <argument type="service" id="sonata.admin.pool"/>
        </service>
        <service id="sonata.admin.builder.filter.factory" class="Sonata\AdminBundle\Filter\FilterFactory" public="true">
            <argument type="service" id="service_container"/>
            <argument/>
        </service>
        <service id="sonata.admin.breadcrumbs_builder" class="Sonata\AdminBundle\Admin\BreadcrumbsBuilder" public="true">
            <argument>%sonata.admin.configuration.breadcrumbs%</argument>
        </service>
        <!-- Services used to format the label, default is sonata.admin.label.strategy.noop -->
        <service id="sonata.admin.label.strategy.bc" class="Sonata\AdminBundle\Translator\BCLabelTranslatorStrategy" public="true"/>
        <service id="sonata.admin.label.strategy.native" class="Sonata\AdminBundle\Translator\NativeLabelTranslatorStrategy" public="true"/>
        <service id="sonata.admin.label.strategy.noop" class="Sonata\AdminBundle\Translator\NoopLabelTranslatorStrategy" public="true"/>
        <service id="sonata.admin.label.strategy.underscore" class="Sonata\AdminBundle\Translator\UnderscoreLabelTranslatorStrategy" public="true"/>
        <service id="sonata.admin.label.strategy.form_component" class="Sonata\AdminBundle\Translator\FormLabelTranslatorStrategy" public="true"/>
        <!-- Translation extractor -->
        <service id="sonata.admin.translator.extractor.jms_translator_bundle" class="Sonata\AdminBundle\Translator\Extractor\JMSTranslatorBundle\AdminExtractor" public="true">
            <tag name="jms_translation.extractor" alias="sonata_admin"/>
            <argument type="service" id="sonata.admin.pool"/>
            <argument type="service" id="logger" on-invalid="ignore"/>
            <call method="setBreadcrumbsBuilder">
                <argument type="service" id="sonata.admin.breadcrumbs_builder"/>
            </call>
        </service>
        <!-- controller as services -->
        <service id="sonata.admin.controller.admin" class="Sonata\AdminBundle\Controller\HelperController" public="true">
            <argument type="service" id="twig"/>
            <argument type="service" id="sonata.admin.pool"/>
            <argument type="service" id="sonata.admin.helper"/>
            <argument type="service" id="validator"/>
        </service>
        <!-- audit manager -->
        <service id="sonata.admin.audit.manager" class="Sonata\AdminBundle\Model\AuditManager" public="true">
            <argument type="service" id="service_container"/>
        </service>
        <!-- NEXT_MAJOR : remove this service -->
        <service id="sonata.admin.exporter" class="Sonata\AdminBundle\Export\Exporter" public="true"/>
        <service id="sonata.admin.search.handler" class="Sonata\AdminBundle\Search\SearchHandler" public="true">
            <argument type="service" id="sonata.admin.pool"/>
        </service>
        <!-- event -->
        <service id="sonata.admin.event.extension" class="Sonata\AdminBundle\Event\AdminEventExtension" public="true">
            <argument type="service" id="event_dispatcher"/>
            <tag name="sonata.admin.extension" global="true"/>
        </service>
        <!-- lock -->
        <service id="sonata.admin.lock.extension" class="Sonata\AdminBundle\Admin\Extension\LockExtension" public="true">
            <tag name="sonata.admin.extension" global="true"/>
        </service>
        <!-- twig -->
        <service id="sonata.admin.twig.global" class="Sonata\AdminBundle\Twig\GlobalVariables" public="true">
            <argument type="service" id="sonata.admin.pool"/>
        </service>
    </services>
</container>
