<?xml version="1.0" encoding="UTF-8"?>
<container xmlns="http://symfony.com/schema/dic/services" xmlns:xsi="http://www.w3.org/2001/XMLSchema-instance" xsi:schemaLocation="http://symfony.com/schema/dic/services http://symfony.com/schema/dic/services/services-1.0.xsd">
    <services>
        <!-- Form Widget-->
        <service id="sonata.admin.form.type.admin" class="Sonata\AdminBundle\Form\Type\AdminType" public="true">
            <tag name="form.type" alias="sonata_type_admin"/>
        </service>
        <service id="sonata.admin.form.type.model_choice" class="Sonata\AdminBundle\Form\Type\ModelType" public="true">
            <argument type="service" id="property_accessor"/>
            <tag name="form.type" alias="sonata_type_model"/>
        </service>
        <service id="sonata.admin.form.type.model_list" class="Sonata\AdminBundle\Form\Type\ModelListType" public="true">
            <tag name="form.type" alias="sonata_type_model_list"/>
        </service>
        <service id="sonata.admin.form.type.model_reference" class="Sonata\AdminBundle\Form\Type\ModelReferenceType" public="true">
            <tag name="form.type" alias="sonata_type_model_reference"/>
        </service>
        <service id="sonata.admin.form.type.model_hidden" class="Sonata\AdminBundle\Form\Type\ModelHiddenType" public="true">
            <tag name="form.type" alias="sonata_type_model_hidden"/>
        </service>
        <service id="sonata.admin.form.type.model_autocomplete" class="Sonata\AdminBundle\Form\Type\ModelAutocompleteType" public="true">
            <tag name="form.type" alias="sonata_type_model_autocomplete"/>
        </service>
        <service id="sonata.admin.form.type.collection" class="Sonata\AdminBundle\Form\Type\CollectionType" public="true">
            <tag name="form.type" alias="sonata_type_native_collection"/>
        </service>
        <service id="sonata.admin.doctrine_orm.form.type.choice_field_mask" class="Sonata\AdminBundle\Form\Type\ChoiceFieldMaskType" public="true">
            <tag name="form.type" alias="sonata_type_choice_field_mask"/>
        </service>
        <!-- Form Extension -->
        <service id="sonata.admin.form.extension.field" class="Sonata\AdminBundle\Form\Extension\Field\Type\FormTypeFieldExtension" public="true">
            <tag name="form.type_extension" alias="form" extended-type="Symfony\Component\Form\Extension\Core\Type\FormType"/>
            <argument/>
            <argument/>
        </service>
        <service id="sonata.admin.form.extension.field.mopa" class="Sonata\AdminBundle\Form\Extension\Field\Type\MopaCompatibilityTypeFieldExtension" public="true">
            <tag name="form.type_extension" alias="form" extended-type="Symfony\Component\Form\Extension\Core\Type\FormType"/>
        </service>
        <service id="sonata.admin.form.extension.choice" class="Sonata\AdminBundle\Form\Extension\ChoiceTypeExtension" public="true">
            <tag name="form.type_extension" alias="choice" extended-type="Symfony\Component\Form\Extension\Core\Type\ChoiceType"/>
        </service>
        <!-- Form Filter Type -->
        <service id="sonata.admin.form.filter.type.number" class="Sonata\AdminBundle\Form\Type\Filter\NumberType" public="true">
            <tag name="form.type" alias="sonata_type_filter_number"/>
            <argument type="service" id="translator"/>
        </service>
        <service id="sonata.admin.form.filter.type.choice" class="Sonata\AdminBundle\Form\Type\Filter\ChoiceType" public="true">
            <tag name="form.type" alias="sonata_type_filter_choice"/>
            <argument type="service" id="translator"/>
        </service>
        <service id="sonata.admin.form.filter.type.default" class="Sonata\AdminBundle\Form\Type\Filter\DefaultType" public="true">
            <tag name="form.type" alias="sonata_type_filter_default"/>
        </service>
        <service id="sonata.admin.form.filter.type.date" class="Sonata\AdminBundle\Form\Type\Filter\DateType" public="true">
            <tag name="form.type" alias="sonata_type_filter_date"/>
            <argument type="service" id="translator"/>
        </service>
        <service id="sonata.admin.form.filter.type.daterange" class="Sonata\AdminBundle\Form\Type\Filter\DateRangeType" public="true">
            <tag name="form.type" alias="sonata_type_filter_date_range"/>
            <argument type="service" id="translator"/>
        </service>
        <service id="sonata.admin.form.filter.type.datetime" class="Sonata\AdminBundle\Form\Type\Filter\DateTimeType" public="true">
            <tag name="form.type" alias="sonata_type_filter_datetime"/>
            <argument type="service" id="translator"/>
        </service>
        <service id="sonata.admin.form.filter.type.datetime_range" class="Sonata\AdminBundle\Form\Type\Filter\DateTimeRangeType" public="true">
            <tag name="form.type" alias="sonata_type_filter_datetime_range"/>
            <argument type="service" id="translator"/>
        </service>
    </services>
</container>
