<?xml version="1.0" ?>

<container xmlns="http://symfony.com/schema/dic/services"
    xmlns:xsi="http://www.w3.org/2001/XMLSchema-instance"
    xsi:schemaLocation="http://symfony.com/schema/dic/services https://symfony.com/schema/dic/services/services-1.0.xsd">

    <services>
        <defaults public="false" />

        <service id="twig.extension.dump" class="Symfony\Bridge\Twig\Extension\DumpExtension">
            <tag name="twig.extension" />
            <argument type="service" id="var_dumper.cloner" />
            <argument type="service" id="var_dumper.html_dumper" />
        </service>

        <service id="data_collector.dump" class="Symfony\Component\HttpKernel\DataCollector\DumpDataCollector" public="true">
            <tag name="data_collector" id="dump" template="@Debug/Profiler/dump.html.twig" priority="240" />
            <argument type="service" id="debug.stopwatch" on-invalid="ignore" />
            <argument type="service" id="debug.file_link_formatter" on-invalid="ignore"></argument>
            <argument>%kernel.charset%</argument>
            <argument type="service" id="request_stack" />
            <argument>null</argument><!-- var_dumper.cli_dumper when debug.dump_destination is set -->
        </service>

        <service id="debug.dump_listener" class="Symfony\Component\HttpKernel\EventListener\DumpListener">
            <tag name="kernel.event_subscriber" />
            <argument type="service" id="var_dumper.cloner" />
            <argument type="service" id="var_dumper.cli_dumper" />
        </service>

        <service id="var_dumper.cloner" class="Symfony\Component\VarDumper\Cloner\VarCloner" public="true" />
        <service id="var_dumper.cli_dumper" class="Symfony\Component\VarDumper\Dumper\CliDumper">
            <argument>null</argument><!-- debug.dump_destination -->
            <argument>%kernel.charset%</argument>
            <argument>0</argument> <!-- flags -->
        </service>
        <service id="var_dumper.html_dumper" class="Symfony\Component\VarDumper\Dumper\HtmlDumper">
            <argument>null</argument>
            <argument>%kernel.charset%</argument>
            <argument>0</argument> <!-- flags -->
            <call method="setDisplayOptions">
                <argument type="collection">
                    <argument key="fileLinkFormat" type="service" id="debug.file_link_formatter" on-invalid="ignore"></argument>
                </argument>
            </call>
        </service>
    </services>
</container>
