<?xml version="1.0" ?>

<container xmlns="http://symfony.com/schema/dic/services"
    xmlns:xsi="http://www.w3.org/2001/XMLSchema-instance"
    xsi:schemaLocation="http://symfony.com/schema/dic/services http://symfony.com/schema/dic/services/services-1.0.xsd"
>
    <services>
        <service id="fos_ck_editor.renderer" class="FOS\CKEditorBundle\Renderer\CKEditorRenderer">
            <argument type="service" id="fos_ck_editor.builder.json_builder"/>
            <argument type="service" id="router"/>
            <argument type="service" id="assets.packages"/>
            <argument type="service" id="request_stack"/>
            <argument type="service" id="twig"/>
            <argument type="expression">container.hasParameter('locale') ? parameter('locale') : null</argument>
        </service>
    </services>
</container>
