<?xml version="1.0" ?>

<container xmlns="http://symfony.com/schema/dic/services"
    xmlns:xsi="http://www.w3.org/2001/XMLSchema-instance"
    xsi:schemaLocation="http://symfony.com/schema/dic/services http://symfony.com/schema/dic/services/services-1.0.xsd">

    <parameters>
        <parameter key="a2lix_translation_form.gedmo.listener.locale.class">A2lix\TranslationFormBundle\Util\Gedmo\EventListener\LocaleListener</parameter>
    </parameters>

    <services>
        <service id="a2lix_translation_form.gedmo.listener.locale" class="%a2lix_translation_form.gedmo.listener.locale.class%">
            <argument type="service" id="gedmo.listener.translatable" />
            <tag name="kernel.event_subscriber" />
        </service>
    </services>
</container>
