<?xml version="1.0" encoding="UTF-8"?>
<container xmlns="http://symfony.com/schema/dic/services" xmlns:xsi="http://www.w3.org/2001/XMLSchema-instance" xsi:schemaLocation="http://symfony.com/schema/dic/services http://symfony.com/schema/dic/services/services-1.0.xsd">
    <services>
        <service id="Sonata\CoreBundle\Command\SonataDumpDoctrineMetaCommand" class="Sonata\CoreBundle\Command\SonataDumpDoctrineMetaCommand">
            <tag name="console.command"/>
        </service>
        <service id="Sonata\CoreBundle\Command\SonataListFormMappingCommand" class="Sonata\CoreBundle\Command\SonataListFormMappingCommand">
            <tag name="console.command"/>
        </service>
    </services>
</container>
